image_sequence_folder,label
.\train_frames\10022_79,pencil
.\train_frames\10023_79,pencil
.\train_frames\10024_35,paper
.\train_frames\10025_35,paper
.\train_frames\10026_38,book
.\train_frames\10029_60,understand
.\train_frames\10030_60,understand
.\train_frames\10037_26,again
.\train_frames\10038_26,again
.\train_frames\10039_47,please
.\train_frames\10040_47,please
.\train_frames\10056_24,good
.\train_frames\10078_20,yes
.\train_frames\10079_20,yes
.\train_frames\10087_14,bird
.\train_frames\10088_14,bird
.\train_frames\10089_14,bird
.\train_frames\10090_14,bird
.\train_frames\10096_25,fish
.\train_frames\100_11,sister
.\train_frames\10103_32,milk
.\train_frames\10109_72,day
.\train_frames\1010_90,work
.\train_frames\10115_8,want
.\train_frames\1011_10,school
.\train_frames\10120_19,mother
.\train_frames\10127_54,hungry
.\train_frames\10182_27,sad
.\train_frames\10196_29,need
.\train_frames\10197_12,finish
.\train_frames\101_34,brother
.\train_frames\10214_66,english
.\train_frames\1023_83,when
.\train_frames\10245_80,walk
.\train_frames\10252_39,girl
.\train_frames\10253_39,girl
.\train_frames\10254_39,girl
.\train_frames\10255_42,boy
.\train_frames\10256_93,woman
.\train_frames\10257_58,man
.\train_frames\10258_58,man
.\train_frames\10262_19,mother
.\train_frames\10263_31,father
.\train_frames\10266_78,grandmother
.\train_frames\10267_92,grandfather
.\train_frames\10268_11,sister
.\train_frames\10269_11,sister
.\train_frames\1026_10,school
.\train_frames\10270_34,brother
.\train_frames\10271_34,brother
.\train_frames\10276_44,family
.\train_frames\10277_44,family
.\train_frames\10278_44,family
.\train_frames\10279_17,friend
.\train_frames\10280_17,friend
.\train_frames\10287_72,day
.\train_frames\10288_99,night
.\train_frames\10292_27,sad
.\train_frames\10296_54,hungry
.\train_frames\10297_16,tired
.\train_frames\102_78,grandmother
.\train_frames\10301_29,need
.\train_frames\10304_29,need
.\train_frames\10305_59,how
.\train_frames\10310_8,want
.\train_frames\10319_15,what
.\train_frames\10320_51,doctor
.\train_frames\10323_48,water
.\train_frames\10324_48,water
.\train_frames\10325_48,water
.\train_frames\10332_66,english
.\train_frames\10337_13,white
.\train_frames\1033_99,night
.\train_frames\10341_34,brother
.\train_frames\1034_99,night
.\train_frames\103_92,grandfather
.\train_frames\10429_52,yellow
.\train_frames\10430_13,white
.\train_frames\10431_24,good
.\train_frames\10432_24,good
.\train_frames\10433_24,good
.\train_frames\10437_26,again
.\train_frames\10438_31,father
.\train_frames\10452_62,beautiful
.\train_frames\10462_47,please
.\train_frames\10491_68,you
.\train_frames\10492_68,you
.\train_frames\1049_3,eat
.\train_frames\10503_69,who
.\train_frames\10504_30,where
.\train_frames\10505_30,where
.\train_frames\10506_21,student
.\train_frames\10507_58,man
.\train_frames\10508_39,girl
.\train_frames\10509_42,boy
.\train_frames\1050_3,eat
.\train_frames\10510_19,mother
.\train_frames\10511_31,father
.\train_frames\10512_11,sister
.\train_frames\10513_34,brother
.\train_frames\10517_20,yes
.\train_frames\10518_4,no
.\train_frames\10519_4,no
.\train_frames\1051_3,eat
.\train_frames\10523_9,deaf
.\train_frames\10524_45,hearing
.\train_frames\10525_0,hello
.\train_frames\10526_67,name
.\train_frames\10529_1,nice
.\train_frames\1052_3,eat
.\train_frames\10531_40,fine
.\train_frames\10540_73,now
.\train_frames\10541_97,know
.\train_frames\10552_90,work
.\train_frames\10558_25,fish
.\train_frames\1055_1,nice
.\train_frames\10565_36,forget
.\train_frames\10567_17,friend
.\train_frames\10568_46,bored
.\train_frames\10571_81,bad
.\train_frames\10587_52,yellow
.\train_frames\1060_12,finish
.\train_frames\10677_17,friend
.\train_frames\10678_93,woman
.\train_frames\10680_40,fine
.\train_frames\10685_36,forget
.\train_frames\10688_91,draw
.\train_frames\10693_49,computer
.\train_frames\10694_49,computer
.\train_frames\10695_49,computer
.\train_frames\10696_91,draw
.\train_frames\106_33,cousin
.\train_frames\10701_66,english
.\train_frames\10702_95,france
.\train_frames\1070_1,nice
.\train_frames\1071_1,nice
.\train_frames\10721_56,drink
.\train_frames\10725_12,finish
.\train_frames\10745_56,drink
.\train_frames\10759_93,woman
.\train_frames\10760_65,green
.\train_frames\10778_39,girl
.\train_frames\1078_56,drink
.\train_frames\1079_56,drink
.\train_frames\10954_49,computer
.\train_frames\10955_49,computer
.\train_frames\10983_46,bored
.\train_frames\11002_1,nice
.\train_frames\11004_57,bathroom
.\train_frames\11014_19,mother
.\train_frames\11015_95,france
.\train_frames\11019_8,want
.\train_frames\11020_8,want
.\train_frames\11023_89,sorry
.\train_frames\11041_99,night
.\train_frames\11043_79,pencil
.\train_frames\11044_79,pencil
.\train_frames\11049_98,live
.\train_frames\11050_98,live
.\train_frames\11051_77,here
.\train_frames\11052_77,here
.\train_frames\11056_28,table
.\train_frames\11059_79,pencil
.\train_frames\11060_79,pencil
.\train_frames\11063_100,apple
.\train_frames\11072_88,big
.\train_frames\11083_6,like
.\train_frames\11088_57,bathroom
.\train_frames\11094_16,tired
.\train_frames\11095_19,mother
.\train_frames\11096_31,father
.\train_frames\11103_44,family
.\train_frames\11109_14,bird
.\train_frames\11110_25,fish
.\train_frames\11118_37,nothing
.\train_frames\11119_29,need
.\train_frames\11120_75,thanks
.\train_frames\11130_80,walk
.\train_frames\11134_90,work
.\train_frames\11136_89,sorry
.\train_frames\11137_46,bored
.\train_frames\11143_62,beautiful
.\train_frames\11152_63,sick
.\train_frames\11169_24,good
.\train_frames\11170_81,bad
.\train_frames\11173_27,sad
.\train_frames\11180_1,nice
.\train_frames\11187_16,tired
.\train_frames\11192_55,but
.\train_frames\11209_97,know
.\train_frames\11212_69,who
.\train_frames\11216_18,sit
.\train_frames\11220_54,hungry
.\train_frames\11221_54,hungry
.\train_frames\11321_29,need
.\train_frames\11325_6,like
.\train_frames\11343_28,table
.\train_frames\11366_23,spring
.\train_frames\11375_28,table
.\train_frames\11377_57,bathroom
.\train_frames\11383_87,go
.\train_frames\11390_65,green
.\train_frames\11402_76,hurt
.\train_frames\11409_20,yes
.\train_frames\11413_41,black
.\train_frames\11446_66,english
.\train_frames\11452_95,france
.\train_frames\11475_43,lost
.\train_frames\11478_37,nothing
.\train_frames\11491_10,school
.\train_frames\1149_3,eat
.\train_frames\11510_16,tired
.\train_frames\11518_91,draw
.\train_frames\11539_22,learn
.\train_frames\11541_43,lost
.\train_frames\11547_47,please
.\train_frames\11548_75,thanks
.\train_frames\1154_42,boy
.\train_frames\11551_91,draw
.\train_frames\11595_78,grandmother
.\train_frames\11596_68,you
.\train_frames\11603_42,boy
.\train_frames\11604_58,man
.\train_frames\11605_39,girl
.\train_frames\11606_93,woman
.\train_frames\11607_45,hearing
.\train_frames\11608_9,deaf
.\train_frames\11609_97,know
.\train_frames\11612_84,dance
.\train_frames\11615_12,finish
.\train_frames\11616_67,name
.\train_frames\11621_66,english
.\train_frames\11622_5,happy
.\train_frames\11623_16,tired
.\train_frames\11630_40,fine
.\train_frames\11631_60,understand
.\train_frames\11639_30,where
.\train_frames\11643_84,dance
.\train_frames\11645_36,forget
.\train_frames\11655_51,doctor
.\train_frames\11656_71,nurse
.\train_frames\11658_2,teacher
.\train_frames\11661_15,what
.\train_frames\11685_46,bored
.\train_frames\1168_31,father
.\train_frames\11690_0,hello
.\train_frames\11741_64,blue
.\train_frames\11742_7,orange
.\train_frames\1174_1,nice
.\train_frames\11780_60,understand
.\train_frames\11781_58,man
.\train_frames\11782_93,woman
.\train_frames\11785_17,friend
.\train_frames\11787_31,father
.\train_frames\11788_19,mother
.\train_frames\11789_31,father
.\train_frames\11794_34,brother
.\train_frames\11795_34,brother
.\train_frames\11797_33,cousin
.\train_frames\11800_78,grandmother
.\train_frames\11803_25,fish
.\train_frames\11811_98,live
.\train_frames\11812_77,here
.\train_frames\11814_18,sit
.\train_frames\11820_7,orange
.\train_frames\11821_64,blue
.\train_frames\11822_64,blue
.\train_frames\11823_53,write
.\train_frames\1182_38,book
.\train_frames\11869_16,tired
.\train_frames\11870_16,tired
.\train_frames\11875_76,hurt
.\train_frames\11876_76,hurt
.\train_frames\11879_12,finish
.\train_frames\11880_12,finish
.\train_frames\11881_29,need
.\train_frames\11882_29,need
.\train_frames\11883_51,doctor
.\train_frames\11884_51,doctor
.\train_frames\11885_51,doctor
.\train_frames\11886_51,doctor
.\train_frames\11921_87,go
.\train_frames\11922_87,go
.\train_frames\11923_87,go
.\train_frames\11924_87,go
.\train_frames\11925_87,go
.\train_frames\11926_24,good
.\train_frames\11927_24,good
.\train_frames\11956_81,bad
.\train_frames\11957_81,bad
.\train_frames\11967_3,eat
.\train_frames\11972_43,lost
.\train_frames\11977_36,forget
.\train_frames\11981_0,hello
.\train_frames\11990_19,mother
.\train_frames\11993_50,help
.\train_frames\12003_56,drink
.\train_frames\12004_10,school
.\train_frames\12005_10,school
.\train_frames\1200_75,thanks
.\train_frames\12018_49,computer
.\train_frames\12057_96,pink
.\train_frames\1205_2,teacher
.\train_frames\12062_64,blue
.\train_frames\12064_23,spring
.\train_frames\12075_12,finish
.\train_frames\12076_40,fine
.\train_frames\12078_16,tired
.\train_frames\12079_63,sick
.\train_frames\1207_35,paper
.\train_frames\12080_63,sick
.\train_frames\12084_6,like
.\train_frames\12085_72,day
.\train_frames\12086_72,day
.\train_frames\1208_35,paper
.\train_frames\12097_43,lost
.\train_frames\1209_79,pencil
.\train_frames\12104_58,man
.\train_frames\12106_25,fish
.\train_frames\1210_79,pencil
.\train_frames\12123_52,yellow
.\train_frames\12124_52,yellow
.\train_frames\12132_75,thanks
.\train_frames\12134_89,sorry
.\train_frames\12139_28,table
.\train_frames\1213_38,book
.\train_frames\12140_18,sit
.\train_frames\12141_50,help
.\train_frames\12149_15,what
.\train_frames\1214_38,book
.\train_frames\12150_15,what
.\train_frames\12151_29,need
.\train_frames\12153_73,now
.\train_frames\12155_84,dance
.\train_frames\12157_71,nurse
.\train_frames\12171_80,walk
.\train_frames\12172_84,dance
.\train_frames\12183_82,read
.\train_frames\12193_48,water
.\train_frames\12194_32,milk
.\train_frames\12195_32,milk
.\train_frames\12201_85,play
.\train_frames\12202_85,play
.\train_frames\12203_85,play
.\train_frames\12206_8,want
.\train_frames\12207_8,want
.\train_frames\1220_7,orange
.\train_frames\12214_1,nice
.\train_frames\12215_1,nice
.\train_frames\12218_10,school
.\train_frames\12219_10,school
.\train_frames\1221_32,milk
.\train_frames\12220_85,play
.\train_frames\12225_19,mother
.\train_frames\12226_19,mother
.\train_frames\12227_31,father
.\train_frames\12228_31,father
.\train_frames\12229_78,grandmother
.\train_frames\12230_78,grandmother
.\train_frames\12231_92,grandfather
.\train_frames\12232_92,grandfather
.\train_frames\12233_17,friend
.\train_frames\12234_17,friend
.\train_frames\12235_50,help
.\train_frames\12236_3,eat
.\train_frames\12237_3,eat
.\train_frames\12238_3,eat
.\train_frames\12239_56,drink
.\train_frames\12240_56,drink
.\train_frames\12241_32,milk
.\train_frames\12242_48,water
.\train_frames\12243_48,water
.\train_frames\12250_12,finish
.\train_frames\12251_12,finish
.\train_frames\12252_47,please
.\train_frames\12253_47,please
.\train_frames\1225_14,bird
.\train_frames\12263_20,yes
.\train_frames\12264_20,yes
.\train_frames\12265_4,no
.\train_frames\12266_4,no
.\train_frames\12267_89,sorry
.\train_frames\12268_76,hurt
.\train_frames\12269_76,hurt
.\train_frames\1226_5,happy
.\train_frames\12272_5,happy
.\train_frames\12273_5,happy
.\train_frames\12274_27,sad
.\train_frames\12275_27,sad
.\train_frames\12276_75,thanks
.\train_frames\12277_75,thanks
.\train_frames\12281_53,write
.\train_frames\12296_3,eat
.\train_frames\12297_3,eat
.\train_frames\1229_3,eat
.\train_frames\12319_48,water
.\train_frames\1231_36,forget
.\train_frames\12320_48,water
.\train_frames\12321_32,milk
.\train_frames\12322_32,milk
.\train_frames\12323_32,milk
.\train_frames\12365_80,walk
.\train_frames\12367_80,walk
.\train_frames\12370_12,finish
.\train_frames\12371_12,finish
.\train_frames\12372_12,finish
.\train_frames\12373_50,help
.\train_frames\12374_50,help
.\train_frames\12375_53,write
.\train_frames\12376_82,read
.\train_frames\12377_82,read
.\train_frames\12389_95,france
.\train_frames\1241_2,teacher
.\train_frames\12429_43,lost
.\train_frames\12435_90,work
.\train_frames\12437_50,help
.\train_frames\12438_50,help
.\train_frames\12439_50,help
.\train_frames\12440_50,help
.\train_frames\12441_50,help
.\train_frames\12483_39,girl
.\train_frames\12512_47,please
.\train_frames\12513_47,please
.\train_frames\12514_47,please
.\train_frames\12518_68,you
.\train_frames\12526_15,what
.\train_frames\12527_30,where
.\train_frames\12528_36,forget
.\train_frames\12531_91,draw
.\train_frames\12533_70,same
.\train_frames\12534_55,but
.\train_frames\12535_47,please
.\train_frames\12536_89,sorry
.\train_frames\12557_26,again
.\train_frames\12558_57,bathroom
.\train_frames\12559_46,bored
.\train_frames\1255_3,eat
.\train_frames\12560_46,bored
.\train_frames\12572_99,night
.\train_frames\12573_99,night
.\train_frames\12574_99,night
.\train_frames\12580_40,fine
.\train_frames\12581_17,friend
.\train_frames\12582_24,good
.\train_frames\12585_45,hearing
.\train_frames\12586_0,hello
.\train_frames\12589_97,know
.\train_frames\12594_22,learn
.\train_frames\12595_6,like
.\train_frames\12603_67,name
.\train_frames\12604_1,nice
.\train_frames\12605_4,no
.\train_frames\12606_37,nothing
.\train_frames\12607_10,school
.\train_frames\12610_63,sick
.\train_frames\12611_86,sign
.\train_frames\12616_75,thanks
.\train_frames\12618_16,tired
.\train_frames\12620_8,want
.\train_frames\12621_8,want
.\train_frames\12623_20,yes
.\train_frames\12624_68,you
.\train_frames\12625_68,you
.\train_frames\12626_40,fine
.\train_frames\12630_44,family
.\train_frames\12631_44,family
.\train_frames\12632_19,mother
.\train_frames\12633_31,father
.\train_frames\12634_78,grandmother
.\train_frames\12635_92,grandfather
.\train_frames\12636_34,brother
.\train_frames\12637_34,brother
.\train_frames\12638_11,sister
.\train_frames\12639_33,cousin
.\train_frames\12643_16,tired
.\train_frames\12644_63,sick
.\train_frames\12645_62,beautiful
.\train_frames\12648_69,who
.\train_frames\12654_17,friend
.\train_frames\12656_20,yes
.\train_frames\12657_4,no
.\train_frames\12658_22,learn
.\train_frames\12659_36,forget
.\train_frames\12661_0,hello
.\train_frames\12663_69,who
.\train_frames\12664_30,where
.\train_frames\12665_83,when
.\train_frames\12666_58,man
.\train_frames\12667_2,teacher
.\train_frames\12669_41,black
.\train_frames\12670_74,brown
.\train_frames\12671_65,green
.\train_frames\12672_64,blue
.\train_frames\12674_61,red
.\train_frames\12675_96,pink
.\train_frames\12676_7,orange
.\train_frames\12677_13,white
.\train_frames\12678_18,sit
.\train_frames\12679_18,sit
.\train_frames\12682_35,paper
.\train_frames\12683_82,read
.\train_frames\12684_10,school
.\train_frames\12685_91,draw
.\train_frames\12686_53,write
.\train_frames\12687_70,same
.\train_frames\12688_55,but
.\train_frames\12689_36,forget
.\train_frames\12693_94,right
.\train_frames\12698_9,deaf
.\train_frames\12699_45,hearing
.\train_frames\12700_45,hearing
.\train_frames\12701_86,sign
.\train_frames\12704_29,need
.\train_frames\12706_60,understand
.\train_frames\12707_60,understand
.\train_frames\12712_57,bathroom
.\train_frames\12713_20,yes
.\train_frames\12714_20,yes
.\train_frames\12716_99,night
.\train_frames\12736_61,red
.\train_frames\1275_15,what
.\train_frames\12780_39,girl
.\train_frames\12781_1,nice
.\train_frames\12783_68,you
.\train_frames\12786_19,mother
.\train_frames\12787_31,father
.\train_frames\12788_11,sister
.\train_frames\12789_34,brother
.\train_frames\1278_51,doctor
.\train_frames\12792_10,school
.\train_frames\12795_17,friend
.\train_frames\12797_78,grandmother
.\train_frames\1279_1,nice
.\train_frames\12806_6,like
.\train_frames\12807_40,fine
.\train_frames\12810_30,where
.\train_frames\12811_15,what
.\train_frames\12812_15,what
.\train_frames\12813_70,same
.\train_frames\12814_59,how
.\train_frames\12815_83,when
.\train_frames\12817_67,name
.\train_frames\12819_21,student
.\train_frames\12832_2,teacher
.\train_frames\12839_62,beautiful
.\train_frames\12863_61,red
.\train_frames\12864_65,green
.\train_frames\12865_74,brown
.\train_frames\12867_7,orange
.\train_frames\12868_7,orange
.\train_frames\12878_19,mother
.\train_frames\12879_31,father
.\train_frames\12880_31,father
.\train_frames\12881_11,sister
.\train_frames\12882_11,sister
.\train_frames\12883_34,brother
.\train_frames\12884_34,brother
.\train_frames\12887_17,friend
.\train_frames\12888_17,friend
.\train_frames\12893_39,girl
.\train_frames\12894_42,boy
.\train_frames\12895_42,boy
.\train_frames\12898_78,grandmother
.\train_frames\12899_78,grandmother
.\train_frames\1289_80,walk
.\train_frames\128_45,hearing
.\train_frames\12900_92,grandfather
.\train_frames\12901_92,grandfather
.\train_frames\12902_33,cousin
.\train_frames\12903_33,cousin
.\train_frames\1290_88,big
.\train_frames\12910_44,family
.\train_frames\12911_44,family
.\train_frames\12912_14,bird
.\train_frames\1291_56,drink
.\train_frames\12929_100,apple
.\train_frames\12938_32,milk
.\train_frames\12943_3,eat
.\train_frames\12945_60,understand
.\train_frames\12947_0,hello
.\train_frames\12956_26,again
.\train_frames\12975_69,who
.\train_frames\12976_15,what
.\train_frames\12977_83,when
.\train_frames\12978_30,where
.\train_frames\12982_92,grandfather
.\train_frames\12984_0,hello
.\train_frames\12986_58,man
.\train_frames\12987_93,woman
.\train_frames\12988_42,boy
.\train_frames\12989_39,girl
.\train_frames\12992_100,apple
.\train_frames\13017_98,live
.\train_frames\13023_33,cousin
.\train_frames\13030_38,book
.\train_frames\13033_20,yes
.\train_frames\13037_14,bird
.\train_frames\13038_68,you
.\train_frames\13048_69,who
.\train_frames\13050_76,hurt
.\train_frames\13051_76,hurt
.\train_frames\13052_50,help
.\train_frames\13053_15,what
.\train_frames\13054_24,good
.\train_frames\13055_63,sick
.\train_frames\13057_30,where
.\train_frames\13058_81,bad
.\train_frames\13059_16,tired
.\train_frames\13060_83,when
.\train_frames\13075_48,water
.\train_frames\13086_100,apple
.\train_frames\13088_94,right
.\train_frames\13092_54,hungry
.\train_frames\13093_5,happy
.\train_frames\13095_68,you
.\train_frames\13119_92,grandfather
.\train_frames\13120_92,grandfather
.\train_frames\13123_26,again
.\train_frames\13124_9,deaf
.\train_frames\13125_9,deaf
.\train_frames\13126_22,learn
.\train_frames\13131_67,name
.\train_frames\13132_1,nice
.\train_frames\13133_1,nice
.\train_frames\13135_75,thanks
.\train_frames\13136_15,what
.\train_frames\13137_30,where
.\train_frames\13138_69,who
.\train_frames\13140_20,yes
.\train_frames\13142_84,dance
.\train_frames\13151_51,doctor
.\train_frames\13157_71,nurse
.\train_frames\13163_2,teacher
.\train_frames\13167_50,help
.\train_frames\13175_18,sit
.\train_frames\13185_25,fish
.\train_frames\13192_40,fine
.\train_frames\13194_21,student
.\train_frames\13198_41,black
.\train_frames\13201_17,friend
.\train_frames\13205_57,bathroom
.\train_frames\13213_46,bored
.\train_frames\13228_87,go
.\train_frames\13229_87,go
.\train_frames\13232_68,you
.\train_frames\13234_64,blue
.\train_frames\13344_15,what
.\train_frames\13348_77,here
.\train_frames\13353_61,red
.\train_frames\13354_7,orange
.\train_frames\13355_52,yellow
.\train_frames\13356_65,green
.\train_frames\13357_65,green
.\train_frames\13358_64,blue
.\train_frames\13360_74,brown
.\train_frames\13361_41,black
.\train_frames\13362_13,white
.\train_frames\13364_96,pink
.\train_frames\13365_23,spring
.\train_frames\13366_15,what
.\train_frames\13367_68,you
.\train_frames\13371_23,spring
.\train_frames\13380_62,beautiful
.\train_frames\13381_62,beautiful
.\train_frames\13412_7,orange
.\train_frames\13413_0,hello
.\train_frames\13423_3,eat
.\train_frames\13424_12,finish
.\train_frames\13426_30,where
.\train_frames\13427_15,what
.\train_frames\13430_50,help
.\train_frames\13431_43,lost
.\train_frames\13432_43,lost
.\train_frames\13435_57,bathroom
.\train_frames\13439_94,right
.\train_frames\13444_9,deaf
.\train_frames\13445_45,hearing
.\train_frames\13446_26,again
.\train_frames\13450_20,yes
.\train_frames\13451_4,no
.\train_frames\13452_60,understand
.\train_frames\13461_28,table
.\train_frames\13463_52,yellow
.\train_frames\13464_7,orange
.\train_frames\13465_7,orange
.\train_frames\13466_7,orange
.\train_frames\13467_64,blue
.\train_frames\13468_64,blue
.\train_frames\13470_41,black
.\train_frames\13495_100,apple
.\train_frames\13496_100,apple
.\train_frames\13504_63,sick
.\train_frames\13505_63,sick
.\train_frames\13509_44,family
.\train_frames\13552_62,beautiful
.\train_frames\13554_44,family
.\train_frames\13559_77,here
.\train_frames\13590_23,spring
.\train_frames\13615_99,night
.\train_frames\13626_71,nurse
.\train_frames\13637_26,again
.\train_frames\13638_57,bathroom
.\train_frames\13639_46,bored
.\train_frames\13643_9,deaf
.\train_frames\13647_99,night
.\train_frames\13651_40,fine
.\train_frames\13653_17,friend
.\train_frames\13656_5,happy
.\train_frames\13659_0,hello
.\train_frames\13664_97,know
.\train_frames\13666_22,learn
.\train_frames\13667_6,like
.\train_frames\13671_67,name
.\train_frames\13672_1,nice
.\train_frames\13673_4,no
.\train_frames\13674_37,nothing
.\train_frames\13675_47,please
.\train_frames\13677_27,sad
.\train_frames\13679_10,school
.\train_frames\13681_63,sick
.\train_frames\13686_16,tired
.\train_frames\13688_60,understand
.\train_frames\13689_8,want
.\train_frames\13692_20,yes
.\train_frames\13698_5,happy
.\train_frames\13699_27,sad
.\train_frames\13700_27,sad
.\train_frames\13719_76,hurt
.\train_frames\13720_16,tired
.\train_frames\13723_46,bored
.\train_frames\13726_48,water
.\train_frames\13729_23,spring
.\train_frames\13731_18,sit
.\train_frames\13732_32,milk
.\train_frames\13743_2,teacher
.\train_frames\13744_22,learn
.\train_frames\13745_21,student
.\train_frames\13746_9,deaf
.\train_frames\13747_45,hearing
.\train_frames\13749_66,english
.\train_frames\13750_95,france
.\train_frames\13762_77,here
.\train_frames\13763_20,yes
.\train_frames\13764_4,no
.\train_frames\13769_43,lost
.\train_frames\13771_86,sign
.\train_frames\13774_36,forget
.\train_frames\13782_3,eat
.\train_frames\13784_73,now
.\train_frames\13788_80,walk
.\train_frames\13789_84,dance
.\train_frames\13791_85,play
.\train_frames\13807_49,computer
.\train_frames\13808_49,computer
.\train_frames\13816_48,water
.\train_frames\13817_32,milk
.\train_frames\13820_100,apple
.\train_frames\13830_6,like
.\train_frames\13833_16,tired
.\train_frames\13834_63,sick
.\train_frames\13836_40,fine
.\train_frames\13845_90,work
.\train_frames\13846_90,work
.\train_frames\13910_51,doctor
.\train_frames\13913_88,big
.\train_frames\13929_29,need
.\train_frames\13939_91,draw
.\train_frames\13960_68,you
.\train_frames\13966_69,who
.\train_frames\13967_30,where
.\train_frames\13968_21,student
.\train_frames\13969_2,teacher
.\train_frames\13970_58,man
.\train_frames\13971_93,woman
.\train_frames\13972_39,girl
.\train_frames\13973_42,boy
.\train_frames\13974_31,father
.\train_frames\13975_11,sister
.\train_frames\13976_34,brother
.\train_frames\13980_9,deaf
.\train_frames\13982_0,hello
.\train_frames\13983_67,name
.\train_frames\13984_98,live
.\train_frames\13985_98,live
.\train_frames\13987_1,nice
.\train_frames\13994_97,know
.\train_frames\14002_0,hello
.\train_frames\14003_0,hello
.\train_frames\14006_67,name
.\train_frames\14007_20,yes
.\train_frames\14008_47,please
.\train_frames\14009_75,thanks
.\train_frames\14010_50,help
.\train_frames\14015_26,again
.\train_frames\14016_60,understand
.\train_frames\14019_86,sign
.\train_frames\14021_94,right
.\train_frames\14023_12,finish
.\train_frames\14044_14,bird
.\train_frames\14056_31,father
.\train_frames\14057_19,mother
.\train_frames\14059_34,brother
.\train_frames\14060_11,sister
.\train_frames\14066_33,cousin
.\train_frames\14086_4,no
.\train_frames\14088_37,nothing
.\train_frames\14089_58,man
.\train_frames\14090_93,woman
.\train_frames\14091_42,boy
.\train_frames\14092_39,girl
.\train_frames\14104_41,black
.\train_frames\14107_1,nice
.\train_frames\14119_69,who
.\train_frames\14120_15,what
.\train_frames\14121_30,where
.\train_frames\14123_59,how
.\train_frames\14124_59,how
.\train_frames\14126_17,friend
.\train_frames\14128_2,teacher
.\train_frames\14130_44,family
.\train_frames\14131_98,live
.\train_frames\14132_90,work
.\train_frames\14134_72,day
.\train_frames\14138_73,now
.\train_frames\14143_73,now
.\train_frames\14147_55,but
.\train_frames\14151_97,know
.\train_frames\14153_36,forget
.\train_frames\14154_8,want
.\train_frames\14156_6,like
.\train_frames\14158_29,need
.\train_frames\14161_46,bored
.\train_frames\14168_100,apple
.\train_frames\14170_3,eat
.\train_frames\14171_56,drink
.\train_frames\14172_54,hungry
.\train_frames\14179_25,fish
.\train_frames\14184_50,help
.\train_frames\14185_10,school
.\train_frames\14195_37,nothing
.\train_frames\14200_40,fine
.\train_frames\14201_40,fine
.\train_frames\14202_24,good
.\train_frames\14203_81,bad
.\train_frames\14204_26,again
.\train_frames\14208_76,hurt
.\train_frames\14217_16,tired
.\train_frames\14218_16,tired
.\train_frames\14221_8,want
.\train_frames\14228_40,fine
.\train_frames\14229_40,fine
.\train_frames\14232_60,understand
.\train_frames\14235_76,hurt
.\train_frames\14236_76,hurt
.\train_frames\14317_72,day
.\train_frames\14319_99,night
.\train_frames\14328_73,now
.\train_frames\14344_3,eat
.\train_frames\14361_83,when
.\train_frames\14372_46,bored
.\train_frames\14375_37,nothing
.\train_frames\14403_65,green
.\train_frames\14410_91,draw
.\train_frames\14412_77,here
.\train_frames\14413_77,here
.\train_frames\14414_28,table
.\train_frames\14415_3,eat
.\train_frames\14416_56,drink
.\train_frames\14418_80,walk
.\train_frames\14420_18,sit
.\train_frames\14447_34,brother
.\train_frames\14465_92,grandfather
.\train_frames\14466_92,grandfather
.\train_frames\14467_92,grandfather
.\train_frames\14468_78,grandmother
.\train_frames\14476_33,cousin
.\train_frames\14477_33,cousin
.\train_frames\14478_33,cousin
.\train_frames\14479_33,cousin
.\train_frames\14487_24,good
.\train_frames\14489_63,sick
.\train_frames\14509_26,again
.\train_frames\14511_57,bathroom
.\train_frames\14517_22,learn
.\train_frames\14519_29,need
.\train_frames\14520_4,no
.\train_frames\14521_47,please
.\train_frames\14522_47,please
.\train_frames\14524_10,school
.\train_frames\14525_86,sign
.\train_frames\14526_86,sign
.\train_frames\14527_86,sign
.\train_frames\14530_20,yes
.\train_frames\14533_10,school
.\train_frames\14542_42,boy
.\train_frames\14548_72,day
.\train_frames\14549_80,walk
.\train_frames\14550_48,water
.\train_frames\14556_58,man
.\train_frames\14557_58,man
.\train_frames\14559_30,where
.\train_frames\14560_83,when
.\train_frames\14561_9,deaf
.\train_frames\14564_98,live
.\train_frames\14565_26,again
.\train_frames\14578_60,understand
.\train_frames\14579_60,understand
.\train_frames\14590_53,write
.\train_frames\14595_38,book
.\train_frames\145_25,fish
.\train_frames\14609_40,fine
.\train_frames\14614_3,eat
.\train_frames\14633_5,happy
.\train_frames\14639_42,boy
.\train_frames\14641_92,grandfather
.\train_frames\14649_64,blue
.\train_frames\14651_48,water
.\train_frames\14653_68,you
.\train_frames\14662_15,what
.\train_frames\14663_69,who
.\train_frames\14664_30,where
.\train_frames\14665_83,when
.\train_frames\14667_67,name
.\train_frames\14669_10,school
.\train_frames\14672_2,teacher
.\train_frames\14673_21,student
.\train_frames\14681_9,deaf
.\train_frames\14683_45,hearing
.\train_frames\14684_98,live
.\train_frames\14685_90,work
.\train_frames\14686_77,here
.\train_frames\14687_44,family
.\train_frames\14688_17,friend
.\train_frames\14689_6,like
.\train_frames\14691_60,understand
.\train_frames\14693_8,want
.\train_frames\14695_29,need
.\train_frames\14697_89,sorry
.\train_frames\14698_47,please
.\train_frames\14699_26,again
.\train_frames\14700_12,finish
.\train_frames\14701_21,student
.\train_frames\14703_91,draw
.\train_frames\14704_18,sit
.\train_frames\14745_62,beautiful
.\train_frames\14746_55,but
.\train_frames\14751_12,finish
.\train_frames\14789_62,beautiful
.\train_frames\14790_46,bored
.\train_frames\14791_46,bored
.\train_frames\14792_1,nice
.\train_frames\14793_1,nice
.\train_frames\14802_88,big
.\train_frames\14821_4,no
.\train_frames\14822_4,no
.\train_frames\14823_4,no
.\train_frames\14824_64,blue
.\train_frames\14829_39,girl
.\train_frames\14830_19,mother
.\train_frames\14831_19,mother
.\train_frames\14832_19,mother
.\train_frames\14837_29,need
.\train_frames\14840_37,nothing
.\train_frames\14844_31,father
.\train_frames\14846_34,brother
.\train_frames\14847_34,brother
.\train_frames\14854_8,want
.\train_frames\14855_92,grandfather
.\train_frames\14859_42,boy
.\train_frames\14864_44,family
.\train_frames\14867_11,sister
.\train_frames\14868_8,want
.\train_frames\14870_6,like
.\train_frames\14871_78,grandmother
.\train_frames\14873_33,cousin
.\train_frames\14891_83,when
.\train_frames\14892_83,when
.\train_frames\14893_94,right
.\train_frames\14902_62,beautiful
.\train_frames\14903_30,where
.\train_frames\14905_23,spring
.\train_frames\14906_23,spring
.\train_frames\14912_23,spring
.\train_frames\14913_23,spring
.\train_frames\14929_61,red
.\train_frames\14943_27,sad
.\train_frames\14954_64,blue
.\train_frames\14956_96,pink
.\train_frames\14957_41,black
.\train_frames\14962_84,dance
.\train_frames\14973_54,hungry
.\train_frames\14991_14,bird
.\train_frames\15001_100,apple
.\train_frames\15010_7,orange
.\train_frames\15011_56,drink
.\train_frames\15014_48,water
.\train_frames\15036_51,doctor
.\train_frames\15037_51,doctor
.\train_frames\15038_51,doctor
.\train_frames\15039_71,nurse
.\train_frames\15045_2,teacher
.\train_frames\15050_55,but
.\train_frames\15061_95,france
.\train_frames\15062_95,france
.\train_frames\15068_20,yes
.\train_frames\15069_20,yes
.\train_frames\15072_43,lost
.\train_frames\15073_43,lost
.\train_frames\15081_37,nothing
.\train_frames\15094_40,fine
.\train_frames\15095_16,tired
.\train_frames\15096_16,tired
.\train_frames\15097_63,sick
.\train_frames\15098_6,like
.\train_frames\15101_99,night
.\train_frames\15102_99,night
.\train_frames\15103_49,computer
.\train_frames\15104_49,computer
.\train_frames\15106_3,eat
.\train_frames\15107_3,eat
.\train_frames\15108_56,drink
.\train_frames\15109_85,play
.\train_frames\15110_85,play
.\train_frames\15123_80,walk
.\train_frames\15129_41,black
.\train_frames\15132_74,brown
.\train_frames\15134_61,red
.\train_frames\15135_64,blue
.\train_frames\15136_52,yellow
.\train_frames\15137_13,white
.\train_frames\15138_65,green
.\train_frames\15141_84,dance
.\train_frames\15144_41,black
.\train_frames\15151_78,grandmother
.\train_frames\15155_46,bored
.\train_frames\15189_85,play
.\train_frames\15198_62,beautiful
.\train_frames\15204_26,again
.\train_frames\15205_57,bathroom
.\train_frames\15206_46,bored
.\train_frames\15210_9,deaf
.\train_frames\15215_99,night
.\train_frames\15218_40,fine
.\train_frames\15220_17,friend
.\train_frames\15222_24,good
.\train_frames\15225_68,you
.\train_frames\15226_45,hearing
.\train_frames\15232_97,know
.\train_frames\15235_22,learn
.\train_frames\15236_6,like
.\train_frames\15238_70,same
.\train_frames\15243_67,name
.\train_frames\15244_1,nice
.\train_frames\15245_4,no
.\train_frames\15246_37,nothing
.\train_frames\15247_47,please
.\train_frames\15249_27,sad
.\train_frames\15251_10,school
.\train_frames\15253_63,sick
.\train_frames\15254_86,sign
.\train_frames\15259_24,good
.\train_frames\15260_16,tired
.\train_frames\15262_73,now
.\train_frames\15264_60,understand
.\train_frames\15265_8,want
.\train_frames\15268_20,yes
.\train_frames\15269_68,you
.\train_frames\1526_1,nice
.\train_frames\15277_59,how
.\train_frames\1527_1,nice
.\train_frames\15282_34,brother
.\train_frames\15284_58,man
.\train_frames\15287_93,woman
.\train_frames\15288_74,brown
.\train_frames\1528_1,nice
.\train_frames\15293_17,friend
.\train_frames\15296_7,orange
.\train_frames\15315_22,learn
.\train_frames\15316_6,like
.\train_frames\15321_64,blue
.\train_frames\15325_17,friend
.\train_frames\15326_17,friend
.\train_frames\15329_30,where
.\train_frames\15337_2,teacher
.\train_frames\15338_2,teacher
.\train_frames\15339_21,student
.\train_frames\1533_72,day
.\train_frames\15340_21,student
.\train_frames\15341_21,student
.\train_frames\15342_17,friend
.\train_frames\15349_91,draw
.\train_frames\1534_72,day
.\train_frames\15352_49,computer
.\train_frames\15353_49,computer
.\train_frames\15356_82,read
.\train_frames\15357_82,read
.\train_frames\15358_82,read
.\train_frames\15359_53,write
.\train_frames\1535_99,night
.\train_frames\15360_53,write
.\train_frames\15363_79,pencil
.\train_frames\15364_79,pencil
.\train_frames\15365_35,paper
.\train_frames\15366_10,school
.\train_frames\15367_28,table
.\train_frames\15368_28,table
.\train_frames\15369_18,sit
.\train_frames\1536_99,night
.\train_frames\15371_71,nurse
.\train_frames\15377_38,book
.\train_frames\15385_6,like
.\train_frames\15386_6,like
.\train_frames\15387_63,sick
.\train_frames\15388_96,pink
.\train_frames\153_74,brown
.\train_frames\15426_82,read
.\train_frames\15434_25,fish
.\train_frames\15436_68,you
.\train_frames\1544_5,happy
.\train_frames\15450_88,big
.\train_frames\15452_56,drink
.\train_frames\15455_32,milk
.\train_frames\1545_5,happy
.\train_frames\15460_96,pink
.\train_frames\1546_5,happy
.\train_frames\15474_51,doctor
.\train_frames\15475_51,doctor
.\train_frames\1547_27,sad
.\train_frames\15506_12,finish
.\train_frames\15522_36,forget
.\train_frames\15528_85,play
.\train_frames\15532_38,book
.\train_frames\15540_66,english
.\train_frames\15556_74,brown
.\train_frames\15561_17,friend
.\train_frames\15569_75,thanks
.\train_frames\15580_24,good
.\train_frames\15581_52,yellow
.\train_frames\15588_16,tired
.\train_frames\15589_16,tired
.\train_frames\1561_63,sick
.\train_frames\1562_63,sick
.\train_frames\1563_63,sick
.\train_frames\15645_84,dance
.\train_frames\15646_84,dance
.\train_frames\1567_29,need
.\train_frames\1568_59,how
.\train_frames\1569_59,how
.\train_frames\15708_81,bad
.\train_frames\1570_59,how
.\train_frames\15720_91,draw
.\train_frames\15734_49,computer
.\train_frames\15735_49,computer
.\train_frames\15736_49,computer
.\train_frames\15739_84,dance
.\train_frames\1573_6,like
.\train_frames\15743_66,english
.\train_frames\15744_36,forget
.\train_frames\1574_6,like
.\train_frames\15753_21,student
.\train_frames\15766_53,write
.\train_frames\15771_13,white
.\train_frames\15783_25,fish
.\train_frames\15789_49,computer
.\train_frames\15798_65,green
.\train_frames\15800_2,teacher
.\train_frames\15801_74,brown
.\train_frames\15809_74,brown
.\train_frames\15811_41,black
.\train_frames\15812_56,drink
.\train_frames\1582_25,fish
.\train_frames\15899_66,english
.\train_frames\15900_66,english
.\train_frames\15902_5,happy
.\train_frames\15903_5,happy
.\train_frames\15907_26,again
.\train_frames\15908_26,again
.\train_frames\15929_57,bathroom
.\train_frames\15938_99,night
.\train_frames\15943_25,fish
.\train_frames\15956_2,teacher
.\train_frames\15963_70,same
.\train_frames\15964_52,yellow
.\train_frames\15965_52,yellow
.\train_frames\15966_52,yellow
.\train_frames\15976_31,father
.\train_frames\15977_40,fine
.\train_frames\15980_68,you
.\train_frames\15982_67,name
.\train_frames\15983_15,what
.\train_frames\15984_69,who
.\train_frames\15985_30,where
.\train_frames\15989_53,write
.\train_frames\15990_53,write
.\train_frames\15992_61,red
.\train_frames\15993_52,yellow
.\train_frames\15994_7,orange
.\train_frames\15995_65,green
.\train_frames\15996_74,brown
.\train_frames\15997_74,brown
.\train_frames\15998_41,black
.\train_frames\15999_13,white
.\train_frames\16000_58,man
.\train_frames\16003_64,blue
.\train_frames\16006_4,no
.\train_frames\16007_60,understand
.\train_frames\16008_98,live
.\train_frames\16010_77,here
.\train_frames\16011_77,here
.\train_frames\16015_70,same
.\train_frames\16016_55,but
.\train_frames\1601_28,table
.\train_frames\16020_93,woman
.\train_frames\1602_28,table
.\train_frames\16031_18,sit
.\train_frames\16039_35,paper
.\train_frames\1603_28,table
.\train_frames\16040_91,draw
.\train_frames\16041_94,right
.\train_frames\16043_84,dance
.\train_frames\16046_18,sit
.\train_frames\16047_82,read
.\train_frames\16049_53,write
.\train_frames\1604_50,help
.\train_frames\16052_22,learn
.\train_frames\1605_50,help
.\train_frames\1623_29,need
.\train_frames\1624_29,need
.\train_frames\1625_29,need
.\train_frames\1626_29,need
.\train_frames\1630_73,now
.\train_frames\1631_73,now
.\train_frames\1635_58,man
.\train_frames\163_5,happy
.\train_frames\1654_52,yellow
.\train_frames\1664_74,brown
.\train_frames\1665_74,brown
.\train_frames\1669_2,teacher
.\train_frames\1672_61,red
.\train_frames\167_90,work
.\train_frames\1682_12,finish
.\train_frames\1685_98,live
.\train_frames\1687_43,lost
.\train_frames\1696_60,understand
.\train_frames\1699_76,hurt
.\train_frames\170_98,live
.\train_frames\171_98,live
.\train_frames\1724_57,bathroom
.\train_frames\1751_52,yellow
.\train_frames\1752_50,help
.\train_frames\1777_20,yes
.\train_frames\1784_83,when
.\train_frames\1785_83,when
.\train_frames\1786_83,when
.\train_frames\178_41,black
.\train_frames\1793_79,pencil
.\train_frames\1794_55,but
.\train_frames\1799_78,grandmother
.\train_frames\179_41,black
.\train_frames\1801_33,cousin
.\train_frames\1803_33,cousin
.\train_frames\180_64,blue
.\train_frames\1812_45,hearing
.\train_frames\1814_89,sorry
.\train_frames\181_64,blue
.\train_frames\182_74,brown
.\train_frames\1830_26,again
.\train_frames\1833_25,fish
.\train_frames\183_74,brown
.\train_frames\1854_65,green
.\train_frames\1858_33,cousin
.\train_frames\1859_33,cousin
.\train_frames\1860_33,cousin
.\train_frames\1866_54,hungry
.\train_frames\1867_56,drink
.\train_frames\1869_48,water
.\train_frames\1870_32,milk
.\train_frames\1890_100,apple
.\train_frames\1898_83,when
.\train_frames\1899_83,when
.\train_frames\1901_86,sign
.\train_frames\1978_14,bird
.\train_frames\1979_14,bird
.\train_frames\1980_25,fish
.\train_frames\1981_25,fish
.\train_frames\1982_25,fish
.\train_frames\1983_25,fish
.\train_frames\1984_25,fish
.\train_frames\1985_25,fish
.\train_frames\1986_25,fish
.\train_frames\1987_25,fish
.\train_frames\2008_70,same
.\train_frames\2010_13,white
.\train_frames\2011_13,white
.\train_frames\2012_13,white
.\train_frames\2013_13,white
.\train_frames\2069_98,live
.\train_frames\207_65,green
.\train_frames\208_65,green
.\train_frames\2107_88,big
.\train_frames\2108_5,happy
.\train_frames\2109_27,sad
.\train_frames\2110_1,nice
.\train_frames\2112_64,blue
.\train_frames\2113_65,green
.\train_frames\2114_52,yellow
.\train_frames\2115_7,orange
.\train_frames\2117_41,black
.\train_frames\2118_13,white
.\train_frames\2119_96,pink
.\train_frames\2120_74,brown
.\train_frames\2134_72,day
.\train_frames\2135_9,deaf
.\train_frames\2136_28,table
.\train_frames\2137_28,table
.\train_frames\2138_3,eat
.\train_frames\2145_54,hungry
.\train_frames\2152_29,need
.\train_frames\2153_37,nothing
.\train_frames\2156_79,pencil
.\train_frames\2158_82,read
.\train_frames\2160_18,sit
.\train_frames\2161_21,student
.\train_frames\2162_21,student
.\train_frames\2167_2,teacher
.\train_frames\216_77,here
.\train_frames\2172_80,walk
.\train_frames\2173_48,water
.\train_frames\2177_15,what
.\train_frames\2178_30,where
.\train_frames\217_77,here
.\train_frames\2180_69,who
.\train_frames\2184_90,work
.\train_frames\2185_53,write
.\train_frames\218_77,here
.\train_frames\2190_66,english
.\train_frames\2192_42,boy
.\train_frames\2193_73,now
.\train_frames\2197_51,doctor
.\train_frames\2198_51,doctor
.\train_frames\2199_1,nice
.\train_frames\219_77,here
.\train_frames\2200_1,nice
.\train_frames\2221_16,tired
.\train_frames\2222_80,walk
.\train_frames\2223_88,big
.\train_frames\2224_88,big
.\train_frames\2225_11,sister
.\train_frames\2226_11,sister
.\train_frames\2231_84,dance
.\train_frames\2235_62,beautiful
.\train_frames\2236_62,beautiful
.\train_frames\2237_62,beautiful
.\train_frames\2260_71,nurse
.\train_frames\2263_53,write
.\train_frames\2264_77,here
.\train_frames\2268_3,eat
.\train_frames\2270_66,english
.\train_frames\2275_100,apple
.\train_frames\2294_26,again
.\train_frames\2296_82,read
.\train_frames\2297_9,deaf
.\train_frames\2298_74,brown
.\train_frames\2305_19,mother
.\train_frames\2306_96,pink
.\train_frames\2310_84,dance
.\train_frames\2327_13,white
.\train_frames\2334_47,please
.\train_frames\2363_37,nothing
.\train_frames\2364_37,nothing
.\train_frames\2389_43,lost
.\train_frames\2391_76,hurt
.\train_frames\2397_12,finish
.\train_frames\2398_35,paper
.\train_frames\2419_95,france
.\train_frames\2437_51,doctor
.\train_frames\2443_57,bathroom
.\train_frames\2453_71,nurse
.\train_frames\2461_48,water
.\train_frames\2465_100,apple
.\train_frames\2477_76,hurt
.\train_frames\2479_18,sit
.\train_frames\2486_10,school
.\train_frames\2487_10,school
.\train_frames\2492_44,family
.\train_frames\2493_19,mother
.\train_frames\2494_31,father
.\train_frames\2498_39,girl
.\train_frames\2499_42,boy
.\train_frames\249_7,orange
.\train_frames\2500_11,sister
.\train_frames\2501_34,brother
.\train_frames\2502_92,grandfather
.\train_frames\2507_33,cousin
.\train_frames\250_7,orange
.\train_frames\2511_22,learn
.\train_frames\2513_2,teacher
.\train_frames\2514_21,student
.\train_frames\2515_38,book
.\train_frames\2516_57,bathroom
.\train_frames\2518_56,drink
.\train_frames\2519_20,yes
.\train_frames\2520_4,no
.\train_frames\2525_64,blue
.\train_frames\2526_65,green
.\train_frames\2527_52,yellow
.\train_frames\2528_96,pink
.\train_frames\2529_41,black
.\train_frames\2530_74,brown
.\train_frames\2532_13,white
.\train_frames\2548_30,where
.\train_frames\254_96,pink
.\train_frames\2557_39,girl
.\train_frames\2558_19,mother
.\train_frames\2563_29,need
.\train_frames\2568_37,nothing
.\train_frames\2572_31,father
.\train_frames\2574_34,brother
.\train_frames\2575_34,brother
.\train_frames\2580_8,want
.\train_frames\2581_92,grandfather
.\train_frames\2585_42,boy
.\train_frames\2588_44,family
.\train_frames\2590_11,sister
.\train_frames\2591_8,want
.\train_frames\2593_6,like
.\train_frames\2594_78,grandmother
.\train_frames\2596_33,cousin
.\train_frames\259_61,red
.\train_frames\25_95,france
.\train_frames\260_61,red
.\train_frames\2612_83,when
.\train_frames\2613_94,right
.\train_frames\2623_62,beautiful
.\train_frames\2624_30,where
.\train_frames\2627_43,lost
.\train_frames\2655_1,nice
.\train_frames\2656_1,nice
.\train_frames\2657_46,bored
.\train_frames\2666_62,beautiful
.\train_frames\2667_62,beautiful
.\train_frames\2668_55,but
.\train_frames\266_23,spring
.\train_frames\2673_12,finish
.\train_frames\2696_95,france
.\train_frames\2697_95,france
.\train_frames\2706_24,good
.\train_frames\2707_24,good
.\train_frames\2709_25,fish
.\train_frames\2718_14,bird
.\train_frames\2732_67,name
.\train_frames\2736_94,right
.\train_frames\2737_94,right
.\train_frames\2747_69,who
.\train_frames\2751_78,grandmother
.\train_frames\2767_25,fish
.\train_frames\2789_26,again
.\train_frames\2790_99,night
.\train_frames\2798_44,family
.\train_frames\2809_17,friend
.\train_frames\2814_73,now
.\train_frames\2825_54,hungry
.\train_frames\2826_12,finish
.\train_frames\2835_98,live
.\train_frames\2848_25,fish
.\train_frames\2849_14,bird
.\train_frames\287_13,white
.\train_frames\2880_55,but
.\train_frames\288_13,white
.\train_frames\2900_2,teacher
.\train_frames\2902_21,student
.\train_frames\2903_22,learn
.\train_frames\2904_9,deaf
.\train_frames\2906_95,france
.\train_frames\2907_66,english
.\train_frames\2909_77,here
.\train_frames\2910_77,here
.\train_frames\2914_43,lost
.\train_frames\2921_40,fine
.\train_frames\2924_16,tired
.\train_frames\2935_84,dance
.\train_frames\293_52,yellow
.\train_frames\2942_15,what
.\train_frames\2943_15,what
.\train_frames\2944_15,what
.\train_frames\2945_15,what
.\train_frames\294_52,yellow
.\train_frames\2954_55,but
.\train_frames\2956_25,fish
.\train_frames\2957_55,but
.\train_frames\2969_23,spring
.\train_frames\2972_43,lost
.\train_frames\2985_43,lost
.\train_frames\2995_6,like
.\train_frames\2996_6,like
.\train_frames\305_74,brown
.\train_frames\308_13,white
.\train_frames\314_70,same
.\train_frames\3169_75,thanks
.\train_frames\3179_83,when
.\train_frames\3183_22,learn
.\train_frames\3189_21,student
.\train_frames\3198_49,computer
.\train_frames\319_66,english
.\train_frames\31_72,day
.\train_frames\3201_55,but
.\train_frames\3233_96,pink
.\train_frames\3236_33,cousin
.\train_frames\3237_33,cousin
.\train_frames\3238_33,cousin
.\train_frames\3239_33,cousin
.\train_frames\3251_4,no
.\train_frames\3254_2,teacher
.\train_frames\3260_86,sign
.\train_frames\3276_50,help
.\train_frames\3277_50,help
.\train_frames\327_14,bird
.\train_frames\3287_0,hello
.\train_frames\3296_17,friend
.\train_frames\3297_50,help
.\train_frames\32_72,day
.\train_frames\3305_23,spring
.\train_frames\3306_23,spring
.\train_frames\3307_23,spring
.\train_frames\3308_23,spring
.\train_frames\3310_95,france
.\train_frames\3311_4,no
.\train_frames\3315_54,hungry
.\train_frames\3316_54,hungry
.\train_frames\3317_54,hungry
.\train_frames\3320_99,night
.\train_frames\3322_77,here
.\train_frames\3323_77,here
.\train_frames\3327_40,fine
.\train_frames\3330_73,now
.\train_frames\3331_73,now
.\train_frames\3333_81,bad
.\train_frames\3335_15,what
.\train_frames\3349_85,play
.\train_frames\3353_83,when
.\train_frames\339_19,mother
.\train_frames\33_72,day
.\train_frames\3408_18,sit
.\train_frames\3409_28,table
.\train_frames\340_19,mother
.\train_frames\3412_57,bathroom
.\train_frames\3416_10,school
.\train_frames\3418_35,paper
.\train_frames\3419_38,book
.\train_frames\3431_28,table
.\train_frames\3437_8,want
.\train_frames\3438_7,orange
.\train_frames\3439_13,white
.\train_frames\343_46,bored
.\train_frames\3440_13,white
.\train_frames\3441_74,brown
.\train_frames\3442_100,apple
.\train_frames\344_46,bored
.\train_frames\3451_48,water
.\train_frames\3454_35,paper
.\train_frames\349_97,know
.\train_frames\34_72,day
.\train_frames\350_6,like
.\train_frames\3525_61,red
.\train_frames\3530_26,again
.\train_frames\353_27,sad
.\train_frames\3547_26,again
.\train_frames\3548_11,sister
.\train_frames\3549_72,day
.\train_frames\354_27,sad
.\train_frames\3553_37,nothing
.\train_frames\3556_82,read
.\train_frames\3560_76,hurt
.\train_frames\356_63,sick
.\train_frames\3574_68,you
.\train_frames\3575_68,you
.\train_frames\3583_24,good
.\train_frames\3587_58,man
.\train_frames\3588_93,woman
.\train_frames\3598_49,computer
.\train_frames\3601_66,english
.\train_frames\3651_85,play
.\train_frames\3655_88,big
.\train_frames\3656_88,big
.\train_frames\3676_79,pencil
.\train_frames\3677_67,name
.\train_frames\3680_80,walk
.\train_frames\3690_99,night
.\train_frames\3695_72,day
.\train_frames\3707_1,nice
.\train_frames\3732_66,english
.\train_frames\3733_66,english
.\train_frames\3737_95,france
.\train_frames\375_14,bird
.\train_frames\378_25,fish
.\train_frames\3794_73,now
.\train_frames\3807_61,red
.\train_frames\3808_61,red
.\train_frames\3809_61,red
.\train_frames\3810_61,red
.\train_frames\3812_49,computer
.\train_frames\3823_69,who
.\train_frames\3831_55,but
.\train_frames\3837_68,you
.\train_frames\3843_83,when
.\train_frames\3869_6,like
.\train_frames\386_82,read
.\train_frames\3870_72,day
.\train_frames\3874_99,night
.\train_frames\3875_99,night
.\train_frames\3879_30,where
.\train_frames\3893_13,white
.\train_frames\3894_41,black
.\train_frames\3895_61,red
.\train_frames\3896_52,yellow
.\train_frames\3897_7,orange
.\train_frames\3898_65,green
.\train_frames\3899_64,blue
.\train_frames\38_5,happy
.\train_frames\3904_69,who
.\train_frames\3905_37,nothing
.\train_frames\3913_41,black
.\train_frames\3914_41,black
.\train_frames\3915_14,bird
.\train_frames\3916_14,bird
.\train_frames\3922_93,woman
.\train_frames\3936_43,lost
.\train_frames\393_84,dance
.\train_frames\3943_94,right
.\train_frames\3951_47,please
.\train_frames\3952_75,thanks
.\train_frames\3955_4,no
.\train_frames\3957_9,deaf
.\train_frames\3987_61,red
.\train_frames\39_27,sad
.\train_frames\3_38,book
.\train_frames\4018_91,draw
.\train_frames\4019_66,english
.\train_frames\4023_76,hurt
.\train_frames\4028_84,dance
.\train_frames\4030_86,sign
.\train_frames\4035_50,help
.\train_frames\4036_50,help
.\train_frames\4045_74,brown
.\train_frames\404_43,lost
.\train_frames\4064_48,water
.\train_frames\4065_55,but
.\train_frames\4067_13,white
.\train_frames\4068_41,black
.\train_frames\4069_64,blue
.\train_frames\406_98,live
.\train_frames\4070_61,red
.\train_frames\4071_74,brown
.\train_frames\4072_65,green
.\train_frames\4074_96,pink
.\train_frames\4077_31,father
.\train_frames\4082_18,sit
.\train_frames\4083_35,paper
.\train_frames\4084_53,write
.\train_frames\4085_91,draw
.\train_frames\4086_94,right
.\train_frames\4088_0,hello
.\train_frames\4089_67,name
.\train_frames\4098_23,spring
.\train_frames\40_27,sad
.\train_frames\4100_61,red
.\train_frames\4103_68,you
.\train_frames\4111_21,student
.\train_frames\4180_94,right
.\train_frames\4181_96,pink
.\train_frames\4191_27,sad
.\train_frames\4197_28,table
.\train_frames\4200_79,pencil
.\train_frames\4201_79,pencil
.\train_frames\4202_79,pencil
.\train_frames\4203_10,school
.\train_frames\4218_28,table
.\train_frames\4224_25,fish
.\train_frames\4231_15,what
.\train_frames\4232_15,what
.\train_frames\4239_59,how
.\train_frames\4241_5,happy
.\train_frames\4244_15,what
.\train_frames\4247_38,book
.\train_frames\4255_35,paper
.\train_frames\4281_78,grandmother
.\train_frames\4282_28,table
.\train_frames\4284_58,man
.\train_frames\4286_83,when
.\train_frames\4288_75,thanks
.\train_frames\4297_17,friend
.\train_frames\4298_97,know
.\train_frames\4307_85,play
.\train_frames\4314_80,walk
.\train_frames\4317_48,water
.\train_frames\4320_100,apple
.\train_frames\4326_50,help
.\train_frames\4332_23,spring
.\train_frames\4343_63,sick
.\train_frames\4345_51,doctor
.\train_frames\4347_21,student
.\train_frames\4356_71,nurse
.\train_frames\4357_2,teacher
.\train_frames\4363_18,sit
.\train_frames\4364_84,dance
.\train_frames\4365_1,nice
.\train_frames\437_19,mother
.\train_frames\4411_66,english
.\train_frames\4419_95,france
.\train_frames\4422_91,draw
.\train_frames\4426_35,paper
.\train_frames\4427_79,pencil
.\train_frames\4429_38,book
.\train_frames\442_13,white
.\train_frames\4432_21,student
.\train_frames\4433_2,teacher
.\train_frames\4434_17,friend
.\train_frames\4438_71,nurse
.\train_frames\4439_71,nurse
.\train_frames\4440_10,school
.\train_frames\4443_57,bathroom
.\train_frames\4447_82,read
.\train_frames\4448_53,write
.\train_frames\4450_22,learn
.\train_frames\4464_12,finish
.\train_frames\4483_70,same
.\train_frames\4484_61,red
.\train_frames\4490_6,like
.\train_frames\4498_62,beautiful
.\train_frames\44_8,want
.\train_frames\4530_72,day
.\train_frames\4531_72,day
.\train_frames\453_35,paper
.\train_frames\4543_14,bird
.\train_frames\4552_14,bird
.\train_frames\456_60,understand
.\train_frames\4581_59,how
.\train_frames\4582_59,how
.\train_frames\4597_11,sister
.\train_frames\45_97,know
.\train_frames\4607_36,forget
.\train_frames\4614_28,table
.\train_frames\4615_18,sit
.\train_frames\4616_79,pencil
.\train_frames\4632_91,draw
.\train_frames\4633_56,drink
.\train_frames\4638_4,no
.\train_frames\4639_20,yes
.\train_frames\4646_64,blue
.\train_frames\4647_52,yellow
.\train_frames\4648_65,green
.\train_frames\4650_61,red
.\train_frames\4651_96,pink
.\train_frames\4652_96,pink
.\train_frames\4653_74,brown
.\train_frames\4654_41,black
.\train_frames\4655_13,white
.\train_frames\4694_95,france
.\train_frames\4698_20,yes
.\train_frames\46_97,know
.\train_frames\4705_88,big
.\train_frames\4706_3,eat
.\train_frames\4722_25,fish
.\train_frames\4726_14,bird
.\train_frames\4734_32,milk
.\train_frames\4735_48,water
.\train_frames\4743_7,orange
.\train_frames\4747_94,right
.\train_frames\4770_59,how
.\train_frames\4771_59,how
.\train_frames\4772_59,how
.\train_frames\4773_5,happy
.\train_frames\4774_5,happy
.\train_frames\4775_27,sad
.\train_frames\4776_27,sad
.\train_frames\4779_46,bored
.\train_frames\4780_46,bored
.\train_frames\47_29,need
.\train_frames\4802_89,sorry
.\train_frames\4803_89,sorry
.\train_frames\4804_89,sorry
.\train_frames\4818_41,black
.\train_frames\4819_41,black
.\train_frames\4825_51,doctor
.\train_frames\4826_51,doctor
.\train_frames\4849_76,hurt
.\train_frames\4850_76,hurt
.\train_frames\4877_23,spring
.\train_frames\4878_23,spring
.\train_frames\48_59,how
.\train_frames\4913_13,white
.\train_frames\4914_13,white
.\train_frames\4920_35,paper
.\train_frames\4924_70,same
.\train_frames\4929_32,milk
.\train_frames\4930_32,milk
.\train_frames\4931_32,milk
.\train_frames\4932_32,milk
.\train_frames\4933_3,eat
.\train_frames\4934_3,eat
.\train_frames\4935_3,eat
.\train_frames\4936_47,please
.\train_frames\4937_47,please
.\train_frames\4938_50,help
.\train_frames\4939_50,help
.\train_frames\4940_50,help
.\train_frames\4941_19,mother
.\train_frames\4942_19,mother
.\train_frames\4943_19,mother
.\train_frames\4944_19,mother
.\train_frames\4945_19,mother
.\train_frames\4946_31,father
.\train_frames\4947_31,father
.\train_frames\4948_31,father
.\train_frames\4949_31,father
.\train_frames\4950_31,father
.\train_frames\4951_78,grandmother
.\train_frames\4952_78,grandmother
.\train_frames\4953_78,grandmother
.\train_frames\4954_78,grandmother
.\train_frames\4955_78,grandmother
.\train_frames\4956_78,grandmother
.\train_frames\4957_92,grandfather
.\train_frames\4958_92,grandfather
.\train_frames\4959_92,grandfather
.\train_frames\4960_92,grandfather
.\train_frames\4961_92,grandfather
.\train_frames\4962_92,grandfather
.\train_frames\4963_75,thanks
.\train_frames\4964_75,thanks
.\train_frames\4965_75,thanks
.\train_frames\4971_91,draw
.\train_frames\4976_38,book
.\train_frames\4978_53,write
.\train_frames\4981_77,here
.\train_frames\4982_67,name
.\train_frames\4983_59,how
.\train_frames\4984_15,what
.\train_frames\4986_83,when
.\train_frames\4987_30,where
.\train_frames\4988_44,family
.\train_frames\4989_44,family
.\train_frames\498_12,finish
.\train_frames\4990_17,friend
.\train_frames\4991_11,sister
.\train_frames\4992_34,brother
.\train_frames\4993_42,boy
.\train_frames\4994_39,girl
.\train_frames\4995_58,man
.\train_frames\4996_93,woman
.\train_frames\4997_0,hello
.\train_frames\499_3,eat
.\train_frames\5002_80,walk
.\train_frames\5005_47,please
.\train_frames\5006_82,read
.\train_frames\5008_12,finish
.\train_frames\5011_84,dance
.\train_frames\5020_89,sorry
.\train_frames\5022_1,nice
.\train_frames\5026_6,like
.\train_frames\5027_6,like
.\train_frames\5028_24,good
.\train_frames\5038_44,family
.\train_frames\5059_84,dance
.\train_frames\5064_45,hearing
.\train_frames\5069_44,family
.\train_frames\5070_44,family
.\train_frames\5075_78,grandmother
.\train_frames\5076_78,grandmother
.\train_frames\5077_92,grandfather
.\train_frames\5078_92,grandfather
.\train_frames\5081_33,cousin
.\train_frames\5082_33,cousin
.\train_frames\5102_17,friend
.\train_frames\5103_17,friend
.\train_frames\5111_73,now
.\train_frames\5130_12,finish
.\train_frames\5131_12,finish
.\train_frames\5132_12,finish
.\train_frames\5159_63,sick
.\train_frames\5166_48,water
.\train_frames\5193_26,again
.\train_frames\5194_26,again
.\train_frames\5197_98,live
.\train_frames\5198_98,live
.\train_frames\5235_66,english
.\train_frames\5236_66,english
.\train_frames\5237_66,english
.\train_frames\5238_66,english
.\train_frames\5247_95,france
.\train_frames\5283_43,lost
.\train_frames\5290_37,nothing
.\train_frames\5308_10,school
.\train_frames\5329_100,apple
.\train_frames\5331_54,hungry
.\train_frames\5333_98,live
.\train_frames\5341_67,name
.\train_frames\5353_37,nothing
.\train_frames\5354_37,nothing
.\train_frames\5356_2,teacher
.\train_frames\5363_8,want
.\train_frames\536_23,spring
.\train_frames\5375_6,like
.\train_frames\5380_53,write
.\train_frames\5381_53,write
.\train_frames\5383_18,sit
.\train_frames\5384_18,sit
.\train_frames\5389_38,book
.\train_frames\5390_79,pencil
.\train_frames\5391_79,pencil
.\train_frames\5404_82,read
.\train_frames\5447_93,woman
.\train_frames\5450_51,doctor
.\train_frames\5456_7,orange
.\train_frames\5472_91,draw
.\train_frames\5495_49,computer
.\train_frames\5496_49,computer
.\train_frames\5501_84,dance
.\train_frames\5502_84,dance
.\train_frames\5512_36,forget
.\train_frames\5513_36,forget
.\train_frames\5535_22,learn
.\train_frames\5536_22,learn
.\train_frames\5562_71,nurse
.\train_frames\5563_71,nurse
.\train_frames\5564_71,nurse
.\train_frames\5565_71,nurse
.\train_frames\5591_21,student
.\train_frames\5592_21,student
.\train_frames\5612_53,write
.\train_frames\5613_53,write
.\train_frames\5619_16,tired
.\train_frames\5622_61,red
.\train_frames\5623_12,finish
.\train_frames\5624_29,need
.\train_frames\5629_97,know
.\train_frames\5640_43,lost
.\train_frames\5654_3,eat
.\train_frames\565_37,nothing
.\train_frames\5663_42,boy
.\train_frames\5666_11,sister
.\train_frames\5667_11,sister
.\train_frames\5674_71,nurse
.\train_frames\56_2,teacher
.\train_frames\5707_27,sad
.\train_frames\5708_27,sad
.\train_frames\570_43,lost
.\train_frames\5712_35,paper
.\train_frames\5713_75,thanks
.\train_frames\5714_70,same
.\train_frames\5715_70,same
.\train_frames\5716_70,same
.\train_frames\5717_68,you
.\train_frames\5742_99,night
.\train_frames\5745_23,spring
.\train_frames\5756_73,now
.\train_frames\5759_99,night
.\train_frames\5765_40,fine
.\train_frames\5773_29,need
.\train_frames\5776_3,eat
.\train_frames\5778_63,sick
.\train_frames\5779_63,sick
.\train_frames\5782_10,school
.\train_frames\5788_51,doctor
.\train_frames\5794_90,work
.\train_frames\5797_46,bored
.\train_frames\57_2,teacher
.\train_frames\5801_6,like
.\train_frames\5802_16,tired
.\train_frames\5811_44,family
.\train_frames\5812_22,learn
.\train_frames\5813_91,draw
.\train_frames\5814_5,happy
.\train_frames\5826_9,deaf
.\train_frames\5827_83,when
.\train_frames\5828_30,where
.\train_frames\5837_28,table
.\train_frames\5842_13,white
.\train_frames\5843_0,hello
.\train_frames\5844_14,bird
.\train_frames\5845_14,bird
.\train_frames\5846_14,bird
.\train_frames\5848_25,fish
.\train_frames\5868_26,again
.\train_frames\5869_73,now
.\train_frames\5881_83,when
.\train_frames\5884_14,bird
.\train_frames\5899_37,nothing
.\train_frames\58_9,deaf
.\train_frames\5900_37,nothing
.\train_frames\6007_40,fine
.\train_frames\6009_88,big
.\train_frames\6010_88,big
.\train_frames\6015_32,milk
.\train_frames\6016_32,milk
.\train_frames\6017_32,milk
.\train_frames\6018_32,milk
.\train_frames\6019_8,want
.\train_frames\6020_8,want
.\train_frames\6021_8,want
.\train_frames\6022_8,want
.\train_frames\6023_8,want
.\train_frames\6024_8,want
.\train_frames\6029_76,hurt
.\train_frames\602_21,student
.\train_frames\6030_76,hurt
.\train_frames\6031_76,hurt
.\train_frames\6032_76,hurt
.\train_frames\6037_87,go
.\train_frames\6038_87,go
.\train_frames\6039_87,go
.\train_frames\603_21,student
.\train_frames\6040_87,go
.\train_frames\6041_87,go
.\train_frames\6042_85,play
.\train_frames\6043_85,play
.\train_frames\6044_85,play
.\train_frames\604_21,student
.\train_frames\6050_43,lost
.\train_frames\6057_100,apple
.\train_frames\6058_7,orange
.\train_frames\605_21,student
.\train_frames\606_70,same
.\train_frames\6074_28,table
.\train_frames\6081_14,bird
.\train_frames\6085_100,apple
.\train_frames\6099_25,fish
.\train_frames\6126_85,play
.\train_frames\6127_85,play
.\train_frames\612_86,sign
.\train_frames\613_85,play
.\train_frames\6152_25,fish
.\train_frames\6155_81,bad
.\train_frames\6158_100,apple
.\train_frames\6161_17,friend
.\train_frames\6173_3,eat
.\train_frames\6175_14,bird
.\train_frames\6188_48,water
.\train_frames\6189_32,milk
.\train_frames\618_96,pink
.\train_frames\6214_71,nurse
.\train_frames\6230_18,sit
.\train_frames\6256_80,walk
.\train_frames\6274_23,spring
.\train_frames\6294_54,hungry
.\train_frames\6311_10,school
.\train_frames\6312_91,draw
.\train_frames\6322_7,orange
.\train_frames\6323_7,orange
.\train_frames\6326_22,learn
.\train_frames\6328_78,grandmother
.\train_frames\6329_78,grandmother
.\train_frames\6330_5,happy
.\train_frames\6331_41,black
.\train_frames\6332_65,green
.\train_frames\6337_12,finish
.\train_frames\6341_41,black
.\train_frames\6343_27,sad
.\train_frames\6346_73,now
.\train_frames\6347_90,work
.\train_frames\6407_71,nurse
.\train_frames\6412_93,woman
.\train_frames\6413_100,apple
.\train_frames\641_26,again
.\train_frames\642_57,bathroom
.\train_frames\6434_70,same
.\train_frames\6435_59,how
.\train_frames\6439_73,now
.\train_frames\6441_59,how
.\train_frames\6442_59,how
.\train_frames\6450_83,when
.\train_frames\6454_72,day
.\train_frames\6455_72,day
.\train_frames\6467_51,doctor
.\train_frames\6468_43,lost
.\train_frames\6479_36,forget
.\train_frames\6480_36,forget
.\train_frames\6481_43,lost
.\train_frames\6482_43,lost
.\train_frames\6483_43,lost
.\train_frames\6496_75,thanks
.\train_frames\6497_16,tired
.\train_frames\649_84,dance
.\train_frames\6502_60,understand
.\train_frames\6503_8,want
.\train_frames\6504_15,what
.\train_frames\6509_20,yes
.\train_frames\6510_55,but
.\train_frames\6512_37,nothing
.\train_frames\6520_49,computer
.\train_frames\6521_49,computer
.\train_frames\6522_49,computer
.\train_frames\6524_80,walk
.\train_frames\6525_18,sit
.\train_frames\6531_22,learn
.\train_frames\6539_44,family
.\train_frames\6550_23,spring
.\train_frames\6551_23,spring
.\train_frames\6552_23,spring
.\train_frames\6555_51,doctor
.\train_frames\6556_51,doctor
.\train_frames\6557_51,doctor
.\train_frames\6558_51,doctor
.\train_frames\6559_29,need
.\train_frames\6560_29,need
.\train_frames\6567_11,sister
.\train_frames\6568_11,sister
.\train_frames\6569_13,white
.\train_frames\6572_48,water
.\train_frames\6575_32,milk
.\train_frames\6579_14,bird
.\train_frames\6597_100,apple
.\train_frames\65_63,sick
.\train_frames\6602_25,fish
.\train_frames\6622_54,hungry
.\train_frames\6623_54,hungry
.\train_frames\6624_54,hungry
.\train_frames\6625_54,hungry
.\train_frames\6626_54,hungry
.\train_frames\6627_54,hungry
.\train_frames\6628_54,hungry
.\train_frames\6629_54,hungry
.\train_frames\6637_56,drink
.\train_frames\6638_56,drink
.\train_frames\6639_56,drink
.\train_frames\6640_56,drink
.\train_frames\6641_56,drink
.\train_frames\6642_56,drink
.\train_frames\6643_56,drink
.\train_frames\6657_10,school
.\train_frames\6660_79,pencil
.\train_frames\6661_55,but
.\train_frames\6665_1,nice
.\train_frames\6684_36,forget
.\train_frames\6690_85,play
.\train_frames\6693_100,apple
.\train_frames\6696_38,book
.\train_frames\6697_38,book
.\train_frames\6707_69,who
.\train_frames\6708_15,what
.\train_frames\6709_83,when
.\train_frames\6710_30,where
.\train_frames\6712_59,how
.\train_frames\6713_47,please
.\train_frames\6714_75,thanks
.\train_frames\6716_50,help
.\train_frames\6717_20,yes
.\train_frames\6718_4,no
.\train_frames\6719_60,understand
.\train_frames\6720_97,know
.\train_frames\6721_45,hearing
.\train_frames\6722_9,deaf
.\train_frames\6723_2,teacher
.\train_frames\6724_21,student
.\train_frames\6726_22,learn
.\train_frames\6739_51,doctor
.\train_frames\6744_76,hurt
.\train_frames\6747_71,nurse
.\train_frames\6748_76,hurt
.\train_frames\6749_63,sick
.\train_frames\6755_16,tired
.\train_frames\6768_2,teacher
.\train_frames\6769_2,teacher
.\train_frames\6770_2,teacher
.\train_frames\6774_48,water
.\train_frames\6883_3,eat
.\train_frames\6886_56,drink
.\train_frames\6911_14,bird
.\train_frames\6914_95,france
.\train_frames\6916_1,nice
.\train_frames\6919_32,milk
.\train_frames\6937_53,write
.\train_frames\6941_32,milk
.\train_frames\6948_91,draw
.\train_frames\6960_66,english
.\train_frames\6970_58,man
.\train_frames\6971_58,man
.\train_frames\6973_95,france
.\train_frames\6993_44,family
.\train_frames\6999_8,want
.\train_frames\69_19,mother
.\train_frames\7008_58,man
.\train_frames\7009_38,book
.\train_frames\7011_23,spring
.\train_frames\7021_71,nurse
.\train_frames\7024_2,teacher
.\train_frames\7026_65,green
.\train_frames\7031_61,red
.\train_frames\7032_61,red
.\train_frames\7033_61,red
.\train_frames\7034_7,orange
.\train_frames\7035_52,yellow
.\train_frames\7036_65,green
.\train_frames\7037_64,blue
.\train_frames\7039_96,pink
.\train_frames\7040_13,white
.\train_frames\7041_41,black
.\train_frames\7042_74,brown
.\train_frames\7050_48,water
.\train_frames\7051_48,water
.\train_frames\7056_57,bathroom
.\train_frames\7057_57,bathroom
.\train_frames\7070_12,finish
.\train_frames\7071_1,nice
.\train_frames\7072_1,nice
.\train_frames\7075_65,green
.\train_frames\7077_12,finish
.\train_frames\7080_5,happy
.\train_frames\7081_5,happy
.\train_frames\7082_61,red
.\train_frames\7083_52,yellow
.\train_frames\7084_64,blue
.\train_frames\7085_65,green
.\train_frames\7086_74,brown
.\train_frames\7087_74,brown
.\train_frames\7088_41,black
.\train_frames\7089_96,pink
.\train_frames\7091_7,orange
.\train_frames\70_31,father
.\train_frames\7107_24,good
.\train_frames\7108_81,bad
.\train_frames\7112_95,france
.\train_frames\7113_39,girl
.\train_frames\7120_33,cousin
.\train_frames\7121_33,cousin
.\train_frames\7122_44,family
.\train_frames\7123_19,mother
.\train_frames\7124_19,mother
.\train_frames\7125_34,brother
.\train_frames\7126_11,sister
.\train_frames\7127_92,grandfather
.\train_frames\7130_17,friend
.\train_frames\7139_60,understand
.\train_frames\7146_0,hello
.\train_frames\7170_32,milk
.\train_frames\7176_67,name
.\train_frames\7189_41,black
.\train_frames\71_32,milk
.\train_frames\7220_3,eat
.\train_frames\7227_57,bathroom
.\train_frames\7228_9,deaf
.\train_frames\7244_45,hearing
.\train_frames\7248_26,again
.\train_frames\7249_26,again
.\train_frames\7254_81,bad
.\train_frames\7257_38,book
.\train_frames\7259_42,boy
.\train_frames\7260_55,but
.\train_frames\7261_94,right
.\train_frames\7262_94,right
.\train_frames\7263_94,right
.\train_frames\7264_9,deaf
.\train_frames\7265_9,deaf
.\train_frames\7268_91,draw
.\train_frames\7270_40,fine
.\train_frames\7272_36,forget
.\train_frames\7274_39,girl
.\train_frames\7275_45,hearing
.\train_frames\7276_77,here
.\train_frames\7277_59,how
.\train_frames\7278_59,how
.\train_frames\7282_97,know
.\train_frames\7283_22,learn
.\train_frames\7285_58,man
.\train_frames\7294_99,night
.\train_frames\7295_4,no
.\train_frames\7296_79,pencil
.\train_frames\72_3,eat
.\train_frames\7305_21,student
.\train_frames\7307_60,understand
.\train_frames\7310_30,where
.\train_frames\7312_93,woman
.\train_frames\7314_52,yellow
.\train_frames\7315_68,you
.\train_frames\7318_28,table
.\train_frames\7319_28,table
.\train_frames\7320_28,table
.\train_frames\7326_36,forget
.\train_frames\7332_46,bored
.\train_frames\7344_57,bathroom
.\train_frames\7373_26,again
.\train_frames\7378_48,water
.\train_frames\7381_61,red
.\train_frames\7386_11,sister
.\train_frames\7389_16,tired
.\train_frames\7392_76,hurt
.\train_frames\7394_12,finish
.\train_frames\7395_29,need
.\train_frames\7396_51,doctor
.\train_frames\73_56,drink
.\train_frames\7417_87,go
.\train_frames\7418_24,good
.\train_frames\7436_81,bad
.\train_frames\7444_3,eat
.\train_frames\7448_43,lost
.\train_frames\7452_36,forget
.\train_frames\7467_86,sign
.\train_frames\7472_85,play
.\train_frames\7473_14,bird
.\train_frames\7477_11,sister
.\train_frames\7604_39,girl
.\train_frames\7609_19,mother
.\train_frames\7610_42,boy
.\train_frames\7611_39,girl
.\train_frames\7613_98,live
.\train_frames\7614_28,table
.\train_frames\7616_97,know
.\train_frames\7618_10,school
.\train_frames\7645_43,lost
.\train_frames\7656_8,want
.\train_frames\7657_6,like
.\train_frames\7659_85,play
.\train_frames\7687_54,hungry
.\train_frames\7688_54,hungry
.\train_frames\7701_12,finish
.\train_frames\7708_52,yellow
.\train_frames\7710_63,sick
.\train_frames\7718_6,like
.\train_frames\7723_50,help
.\train_frames\7729_73,now
.\train_frames\7730_73,now
.\train_frames\7734_79,pencil
.\train_frames\7742_82,read
.\train_frames\7743_56,drink
.\train_frames\7745_6,like
.\train_frames\7746_6,like
.\train_frames\7767_73,now
.\train_frames\77_50,help
.\train_frames\7855_29,need
.\train_frames\7856_35,paper
.\train_frames\7857_40,fine
.\train_frames\7858_10,school
.\train_frames\7863_57,bathroom
.\train_frames\7884_62,beautiful
.\train_frames\7885_62,beautiful
.\train_frames\7897_99,night
.\train_frames\7898_99,night
.\train_frames\7900_34,brother
.\train_frames\7901_57,bathroom
.\train_frames\7925_23,spring
.\train_frames\7926_23,spring
.\train_frames\7931_5,happy
.\train_frames\7932_27,sad
.\train_frames\7937_99,night
.\train_frames\7941_73,now
.\train_frames\7946_24,good
.\train_frames\7947_81,bad
.\train_frames\79_68,you
.\train_frames\8001_37,nothing
.\train_frames\8002_38,book
.\train_frames\8003_38,book
.\train_frames\8004_50,help
.\train_frames\8007_79,pencil
.\train_frames\8008_79,pencil
.\train_frames\8010_41,black
.\train_frames\8011_22,learn
.\train_frames\8012_90,work
.\train_frames\8015_19,mother
.\train_frames\8033_10,school
.\train_frames\8034_85,play
.\train_frames\8036_97,know
.\train_frames\8043_10,school
.\train_frames\8044_86,sign
.\train_frames\8045_79,pencil
.\train_frames\8046_35,paper
.\train_frames\8047_38,book
.\train_frames\8052_60,understand
.\train_frames\8055_26,again
.\train_frames\8056_47,please
.\train_frames\8060_77,here
.\train_frames\8061_77,here
.\train_frames\8066_52,yellow
.\train_frames\8068_1,nice
.\train_frames\8082_71,nurse
.\train_frames\8085_56,drink
.\train_frames\8094_61,red
.\train_frames\8095_61,red
.\train_frames\8096_52,yellow
.\train_frames\8097_52,yellow
.\train_frames\8098_64,blue
.\train_frames\8099_64,blue
.\train_frames\8100_65,green
.\train_frames\8101_65,green
.\train_frames\8102_13,white
.\train_frames\8103_96,pink
.\train_frames\8104_96,pink
.\train_frames\8109_7,orange
.\train_frames\8129_24,good
.\train_frames\8131_94,right
.\train_frames\8143_58,man
.\train_frames\8151_38,book
.\train_frames\8157_27,sad
.\train_frames\8158_52,yellow
.\train_frames\8160_9,deaf
.\train_frames\8207_88,big
.\train_frames\8208_88,big
.\train_frames\8209_14,bird
.\train_frames\8210_14,bird
.\train_frames\8211_46,bored
.\train_frames\8212_46,bored
.\train_frames\8213_42,boy
.\train_frames\8214_42,boy
.\train_frames\8219_34,brother
.\train_frames\8220_34,brother
.\train_frames\8221_55,but
.\train_frames\8222_55,but
.\train_frames\8231_33,cousin
.\train_frames\8232_33,cousin
.\train_frames\8233_33,cousin
.\train_frames\8234_33,cousin
.\train_frames\8247_44,family
.\train_frames\8248_44,family
.\train_frames\8249_31,father
.\train_frames\8250_31,father
.\train_frames\8251_25,fish
.\train_frames\8252_25,fish
.\train_frames\8260_39,girl
.\train_frames\8261_39,girl
.\train_frames\8268_92,grandfather
.\train_frames\8269_92,grandfather
.\train_frames\8270_78,grandmother
.\train_frames\8271_78,grandmother
.\train_frames\8284_70,same
.\train_frames\8285_70,same
.\train_frames\8288_58,man
.\train_frames\8289_58,man
.\train_frames\8297_19,mother
.\train_frames\8298_19,mother
.\train_frames\82_76,hurt
.\train_frames\8313_62,beautiful
.\train_frames\8314_62,beautiful
.\train_frames\8319_29,need
.\train_frames\8320_29,need
.\train_frames\8325_11,sister
.\train_frames\8326_11,sister
.\train_frames\8350_93,woman
.\train_frames\8351_93,woman
.\train_frames\8354_14,bird
.\train_frames\8358_14,bird
.\train_frames\8369_25,fish
.\train_frames\8394_15,what
.\train_frames\8395_30,where
.\train_frames\8397_69,who
.\train_frames\8398_83,when
.\train_frames\8399_59,how
.\train_frames\83_26,again
.\train_frames\8400_67,name
.\train_frames\8401_70,same
.\train_frames\8402_55,but
.\train_frames\8403_55,but
.\train_frames\8404_9,deaf
.\train_frames\8405_45,hearing
.\train_frames\8406_45,hearing
.\train_frames\8407_58,man
.\train_frames\8408_93,woman
.\train_frames\8409_42,boy
.\train_frames\8410_39,girl
.\train_frames\8411_21,student
.\train_frames\8413_22,learn
.\train_frames\8416_20,yes
.\train_frames\8417_4,no
.\train_frames\8420_36,forget
.\train_frames\8421_36,forget
.\train_frames\8422_18,sit
.\train_frames\8425_48,water
.\train_frames\842_92,grandfather
.\train_frames\8430_32,milk
.\train_frames\8434_8,want
.\train_frames\8435_8,want
.\train_frames\8436_8,want
.\train_frames\8438_35,paper
.\train_frames\8439_35,paper
.\train_frames\8440_38,book
.\train_frames\8441_38,book
.\train_frames\8448_77,here
.\train_frames\8449_80,walk
.\train_frames\8451_41,black
.\train_frames\8452_13,white
.\train_frames\8453_52,yellow
.\train_frames\8454_65,green
.\train_frames\8455_96,pink
.\train_frames\8457_64,blue
.\train_frames\8466_51,doctor
.\train_frames\8468_6,like
.\train_frames\846_64,blue
.\train_frames\8471_40,fine
.\train_frames\8473_63,sick
.\train_frames\8474_63,sick
.\train_frames\8475_63,sick
.\train_frames\8476_63,sick
.\train_frames\8480_50,help
.\train_frames\8481_34,brother
.\train_frames\8488_53,write
.\train_frames\8489_48,water
.\train_frames\8490_86,sign
.\train_frames\8492_67,name
.\train_frames\84_8,want
.\train_frames\8501_68,you
.\train_frames\8503_20,yes
.\train_frames\8504_4,no
.\train_frames\8505_47,please
.\train_frames\8506_75,thanks
.\train_frames\8507_89,sorry
.\train_frames\8511_9,deaf
.\train_frames\8512_9,deaf
.\train_frames\8513_45,hearing
.\train_frames\8515_6,like
.\train_frames\8518_69,who
.\train_frames\8519_15,what
.\train_frames\8520_83,when
.\train_frames\8521_30,where
.\train_frames\8522_59,how
.\train_frames\8523_59,how
.\train_frames\8525_8,want
.\train_frames\8526_29,need
.\train_frames\8527_26,again
.\train_frames\8529_97,know
.\train_frames\8540_14,bird
.\train_frames\854_64,blue
.\train_frames\8552_14,bird
.\train_frames\8555_31,father
.\train_frames\8557_82,read
.\train_frames\8558_15,what
.\train_frames\8559_15,what
.\train_frames\8565_82,read
.\train_frames\8568_28,table
.\train_frames\8569_28,table
.\train_frames\856_56,drink
.\train_frames\8570_28,table
.\train_frames\8582_86,sign
.\train_frames\858_4,no
.\train_frames\85_6,like
.\train_frames\8601_14,bird
.\train_frames\8603_48,water
.\train_frames\8607_32,milk
.\train_frames\8608_54,hungry
.\train_frames\8609_54,hungry
.\train_frames\8613_81,bad
.\train_frames\8614_24,good
.\train_frames\861_90,work
.\train_frames\8622_7,orange
.\train_frames\862_90,work
.\train_frames\863_90,work
.\train_frames\8641_8,want
.\train_frames\8647_72,day
.\train_frames\8665_62,beautiful
.\train_frames\8666_72,day
.\train_frames\8667_72,day
.\train_frames\8668_72,day
.\train_frames\8670_21,student
.\train_frames\8676_80,walk
.\train_frames\8677_80,walk
.\train_frames\8678_80,walk
.\train_frames\8679_69,who
.\train_frames\8680_69,who
.\train_frames\8681_69,who
.\train_frames\8683_38,book
.\train_frames\8684_32,milk
.\train_frames\8691_11,sister
.\train_frames\8695_28,table
.\train_frames\8717_3,eat
.\train_frames\8718_54,hungry
.\train_frames\8719_54,hungry
.\train_frames\8722_48,water
.\train_frames\8723_56,drink
.\train_frames\8724_56,drink
.\train_frames\8725_56,drink
.\train_frames\8728_100,apple
.\train_frames\8729_100,apple
.\train_frames\8739_32,milk
.\train_frames\8740_32,milk
.\train_frames\8741_32,milk
.\train_frames\8746_93,woman
.\train_frames\8751_36,forget
.\train_frames\8754_97,know
.\train_frames\8788_66,english
.\train_frames\8789_66,english
.\train_frames\8807_95,france
.\train_frames\8808_95,france
.\train_frames\8811_91,draw
.\train_frames\8812_91,draw
.\train_frames\8819_43,lost
.\train_frames\8843_20,yes
.\train_frames\8847_90,work
.\train_frames\884_79,pencil
.\train_frames\885_79,pencil
.\train_frames\886_79,pencil
.\train_frames\887_79,pencil
.\train_frames\8899_77,here
.\train_frames\8901_81,bad
.\train_frames\8908_82,read
.\train_frames\8909_82,read
.\train_frames\8910_53,write
.\train_frames\8911_53,write
.\train_frames\8915_22,learn
.\train_frames\8916_22,learn
.\train_frames\8917_22,learn
.\train_frames\8946_100,apple
.\train_frames\8947_100,apple
.\train_frames\8948_7,orange
.\train_frames\8972_28,table
.\train_frames\8980_44,family
.\train_frames\8981_58,man
.\train_frames\8982_93,woman
.\train_frames\8985_31,father
.\train_frames\8986_19,mother
.\train_frames\8987_34,brother
.\train_frames\8988_11,sister
.\train_frames\8989_11,sister
.\train_frames\8991_78,grandmother
.\train_frames\8992_78,grandmother
.\train_frames\8993_33,cousin
.\train_frames\8_46,bored
.\train_frames\9008_16,tired
.\train_frames\9009_16,tired
.\train_frames\9014_12,finish
.\train_frames\9015_12,finish
.\train_frames\9021_99,night
.\train_frames\9022_99,night
.\train_frames\9028_3,eat
.\train_frames\9030_55,but
.\train_frames\9045_12,finish
.\train_frames\9052_83,when
.\train_frames\9077_9,deaf
.\train_frames\9078_17,friend
.\train_frames\9079_17,friend
.\train_frames\9080_45,hearing
.\train_frames\9081_45,hearing
.\train_frames\9090_67,name
.\train_frames\9091_1,nice
.\train_frames\9092_8,want
.\train_frames\9093_70,same
.\train_frames\909_32,milk
.\train_frames\90_27,sad
.\train_frames\9105_59,how
.\train_frames\910_32,milk
.\train_frames\9126_30,where
.\train_frames\9127_30,where
.\train_frames\9130_65,green
.\train_frames\9135_95,france
.\train_frames\9144_49,computer
.\train_frames\9147_0,hello
.\train_frames\9155_40,fine
.\train_frames\9156_5,happy
.\train_frames\9157_37,nothing
.\train_frames\9158_37,nothing
.\train_frames\9161_16,tired
.\train_frames\9177_97,know
.\train_frames\91_54,hungry
.\train_frames\9203_25,fish
.\train_frames\9204_25,fish
.\train_frames\9205_25,fish
.\train_frames\9206_25,fish
.\train_frames\9207_3,eat
.\train_frames\9224_18,sit
.\train_frames\9226_79,pencil
.\train_frames\9227_67,name
.\train_frames\9228_81,bad
.\train_frames\922_100,apple
.\train_frames\9235_87,go
.\train_frames\923_100,apple
.\train_frames\9241_68,you
.\train_frames\9242_77,here
.\train_frames\9244_77,here
.\train_frames\9246_20,yes
.\train_frames\9247_20,yes
.\train_frames\9248_20,yes
.\train_frames\9249_4,no
.\train_frames\924_7,orange
.\train_frames\9250_4,no
.\train_frames\9251_67,name
.\train_frames\9252_69,who
.\train_frames\9253_15,what
.\train_frames\9254_83,when
.\train_frames\9256_30,where
.\train_frames\9257_59,how
.\train_frames\9258_86,sign
.\train_frames\9259_22,learn
.\train_frames\925_7,orange
.\train_frames\9260_22,learn
.\train_frames\9261_21,student
.\train_frames\9262_2,teacher
.\train_frames\9263_75,thanks
.\train_frames\9264_9,deaf
.\train_frames\9265_45,hearing
.\train_frames\9266_98,live
.\train_frames\9272_93,woman
.\train_frames\9274_31,father
.\train_frames\9275_19,mother
.\train_frames\9279_11,sister
.\train_frames\9280_11,sister
.\train_frames\9281_11,sister
.\train_frames\9282_11,sister
.\train_frames\9292_9,deaf
.\train_frames\9293_9,deaf
.\train_frames\9297_42,boy
.\train_frames\9299_80,walk
.\train_frames\9303_18,sit
.\train_frames\9304_18,sit
.\train_frames\9313_60,understand
.\train_frames\9314_53,write
.\train_frames\9318_86,sign
.\train_frames\9319_86,sign
.\train_frames\9326_1,nice
.\train_frames\9327_58,man
.\train_frames\9328_93,woman
.\train_frames\9329_9,deaf
.\train_frames\9330_45,hearing
.\train_frames\9331_42,boy
.\train_frames\9332_39,girl
.\train_frames\9334_22,learn
.\train_frames\9335_70,same
.\train_frames\9338_2,teacher
.\train_frames\9339_21,student
.\train_frames\9341_95,france
.\train_frames\9342_10,school
.\train_frames\9349_4,no
.\train_frames\9350_30,where
.\train_frames\9351_69,who
.\train_frames\9374_5,happy
.\train_frames\9377_65,green
.\train_frames\9378_64,blue
.\train_frames\9379_41,black
.\train_frames\9380_13,white
.\train_frames\9381_13,white
.\train_frames\9382_13,white
.\train_frames\9383_7,orange
.\train_frames\9384_7,orange
.\train_frames\9385_61,red
.\train_frames\9387_96,pink
.\train_frames\9388_74,brown
.\train_frames\9389_52,yellow
.\train_frames\9398_1,nice
.\train_frames\93_16,tired
.\train_frames\9402_39,girl
.\train_frames\9404_51,doctor
.\train_frames\9405_51,doctor
.\train_frames\9410_71,nurse
.\train_frames\9416_21,student
.\train_frames\9426_10,school
.\train_frames\9427_90,work
.\train_frames\9463_76,hurt
.\train_frames\9465_65,green
.\train_frames\9481_55,but
.\train_frames\9484_67,name
.\train_frames\9485_67,name
.\train_frames\94_30,where
.\train_frames\9507_57,bathroom
.\train_frames\9522_52,yellow
.\train_frames\9535_20,yes
.\train_frames\9566_86,sign
.\train_frames\9567_66,english
.\train_frames\9573_45,hearing
.\train_frames\9576_60,understand
.\train_frames\9577_37,nothing
.\train_frames\9583_23,spring
.\train_frames\9588_80,walk
.\train_frames\95_38,book
.\train_frames\9602_35,paper
.\train_frames\9610_20,yes
.\train_frames\9611_53,write
.\train_frames\9612_53,write
.\train_frames\9613_53,write
.\train_frames\9622_23,spring
.\train_frames\968_76,hurt
.\train_frames\9690_7,orange
.\train_frames\9696_4,no
.\train_frames\969_76,hurt
.\train_frames\9711_14,bird
.\train_frames\971_89,sorry
.\train_frames\9724_25,fish
.\train_frames\9725_25,fish
.\train_frames\9737_49,computer
.\train_frames\9738_49,computer
.\train_frames\9739_21,student
.\train_frames\9740_21,student
.\train_frames\9741_17,friend
.\train_frames\9742_17,friend
.\train_frames\9743_2,teacher
.\train_frames\9744_2,teacher
.\train_frames\9751_71,nurse
.\train_frames\9752_71,nurse
.\train_frames\9759_97,know
.\train_frames\9760_9,deaf
.\train_frames\9761_45,hearing
.\train_frames\9763_2,teacher
.\train_frames\9764_2,teacher
.\train_frames\9765_21,student
.\train_frames\9768_10,school
.\train_frames\9774_66,english
.\train_frames\9776_95,france
.\train_frames\97_85,play
.\train_frames\9803_66,english
.\train_frames\9805_95,france
.\train_frames\985_64,blue
.\train_frames\9864_98,live
.\train_frames\9871_45,hearing
.\train_frames\9872_45,hearing
.\train_frames\9875_3,eat
.\train_frames\9879_44,family
.\train_frames\9880_44,family
.\train_frames\9881_31,father
.\train_frames\9889_34,brother
.\train_frames\9890_11,sister
.\train_frames\9893_33,cousin
.\train_frames\9894_33,cousin
.\train_frames\9895_33,cousin
.\train_frames\9896_33,cousin
.\train_frames\9900_16,tired
.\train_frames\9901_3,eat
.\train_frames\9902_3,eat
.\train_frames\9903_56,drink
.\train_frames\9904_56,drink
.\train_frames\9906_47,please
.\train_frames\9907_47,please
.\train_frames\9910_54,hungry
.\train_frames\9911_54,hungry
.\train_frames\9912_12,finish
.\train_frames\9913_8,want
.\train_frames\9914_8,want
.\train_frames\9915_28,table
.\train_frames\9916_28,table
.\train_frames\9921_18,sit
.\train_frames\9926_32,milk
.\train_frames\9927_32,milk
.\train_frames\9932_75,thanks
.\train_frames\9933_75,thanks
.\train_frames\9934_48,water
.\train_frames\9935_48,water
.\train_frames\9939_33,cousin
.\train_frames\9942_96,pink
.\train_frames\9961_3,eat
.\train_frames\9963_10,school
